DEALSIZE,AVERAGE_SALES
Medium,4396.761653076354
Small,2062.627479935791
Large,8282.60789473685
