PRODUCTLINE,TOTAL_SALES
Classic Cars,3842868.5399999963
Vintage Cars,1806675.6799999995
Trucks and Buses,1111559.1899999997
Motorcycles,1103512.1900000004
Planes,969323.4200000002
Ships,700039.22
Trains,226243.46999999997
